RegionID,SizeRank,RegionName,RegionType,StateName,9/30/2023,10/31/2023,11/30/2023,12/31/2023,1/31/2024,2/29/2024,3/31/2024,4/30/2024,5/31/2024,6/30/2024,7/31/2024,8/31/2024,9/30/2024
102001,0,United States,country,,34996,33044,32054,33376,24156,30545,36263,34073,36559,33219,30925,29057,24605
394913,1,"New York, NY",msa,NY,429,412,391,362,315,307,351,334,457,363,406,396,314
753899,2,"Los Angeles, CA",msa,CA,173,164,216,192,128,148,235,235,231,222,142,147,117
394463,3,"Chicago, IL",msa,IL,434,399,518,348,286,401,414,444,518,414,421,451,353
394514,4,"Dallas, TX",msa,TX,1511,1436,1370,1600,1178,1365,1590,1515,1464,1432,1218,1035,720
394692,5,"Houston, TX",msa,TX,1693,1625,1903,1818,1324,1749,1846,1764,1887,1694,1547,1313,1292
395209,6,"Washington, DC",msa,VA,551,523,507,519,422,472,524,496,514,462,448,457,345
394974,7,"Philadelphia, PA",msa,PA,207,225,236,195,188,217,258,249,269,229,216,252,200
394856,8,"Miami, FL",msa,FL,272,257,267,254,179,171,204,220,257,194,177,151,148
394347,9,"Atlanta, GA",msa,GA,1071,1007,977,1091,798,989,1174,1075,1052,934,847,839,807
394404,10,"Boston, MA",msa,MA,255,223,207,238,158,185,295,226,249,214,214,208,158
394976,11,"Phoenix, AZ",msa,AZ,1001,843,696,916,556,747,844,659,756,743,695,632,730
395057,12,"San Francisco, CA",msa,CA,108,88,109,90,55,89,115,101,102,91,70,92,64
395025,13,"Riverside, CA",msa,CA,362,326,414,385,280,289,381,305,325,287,252,282,253
394532,14,"Detroit, MI",msa,MI,175,199,143,186,133,184,194,185,189,156,174,178,132
395078,15,"Seattle, WA",msa,WA,381,360,349,341,305,411,378,387,341,291,280,238,302
394865,16,"Minneapolis, MN",msa,MN,397,437,426,364,289,397,488,460,539,419,400,452,351
395056,17,"San Diego, CA",msa,CA,52,35,40,31,37,40,39,36,43,39,25,53,42
395148,18,"Tampa, FL",msa,FL,690,772,817,658,542,764,708,644,911,672,649,586,383
394530,19,"Denver, CO",msa,CO,325,323,365,401,244,360,436,386,370,375,295,325,242
394358,20,"Baltimore, MD",msa,MD,219,175,157,186,133,116,166,165,207,200,149,146,145
395121,21,"St. Louis, MO",msa,MO,105,95,84,114,81,90,105,95,108,117,111,96,72
394943,22,"Orlando, FL",msa,FL,553,494,529,609,376,489,597,461,553,530,418,388,313
394458,23,"Charlotte, NC",msa,NC,759,668,680,635,470,619,782,721,734,668,637,615,504
395055,24,"San Antonio, TX",msa,TX,759,677,798,640,536,796,885,741,790,755,707,627,542
394998,25,"Portland, OR",msa,OR,271,259,236,291,228,276,315,367,398,342,334,357,274
395045,26,"Sacramento, CA",msa,CA,239,243,202,172,136,154,165,106,84,64,55,,105
394982,27,"Pittsburgh, PA",msa,PA,58,68,53,57,36,34,57,67,52,47,60,60,39
394466,28,"Cincinnati, OH",msa,OH,130,106,87,79,62,115,122,91,110,102,100,75,91
394355,29,"Austin, TX",msa,TX,736,753,738,888,606,723,822,715,820,711,675,563,458
394775,30,"Las Vegas, NV",msa,NV,314,222,220,266,183,233,224,184,174,212,176,190,149
394735,31,"Kansas City, MO",msa,MO,206,261,201,201,130,174,263,237,250,261,223,223,191
394492,32,"Columbus, OH",msa,OH,164,204,216,202,119,165,214,177,170,169,130,125,112
394705,34,"Indianapolis, IN",msa,IN,303,259,290,249,180,260,338,300,333,231,253,199,176
394475,35,"Cleveland, OH",msa,OH,75,69,47,64,49,43,67,49,57,34,35,36,43
395059,36,"San Jose, CA",msa,CA,60,43,37,42,30,38,44,40,57,48,33,53,84
394902,37,"Nashville, TN",msa,TN,896,849,740,755,514,566,700,668,726,632,556,572,467
395194,38,"Virginia Beach, VA",msa,VA,162,175,163,138,117,130,176,148,143,137,104,116,103
395005,39,"Providence, RI",msa,RI,61,50,55,42,45,59,72,78,64,61,60,57,40
394714,40,"Jacksonville, FL",msa,FL,564,562,504,622,355,463,609,482,624,572,528,510,483
394862,41,"Milwaukee, WI",msa,WI,62,61,57,43,29,49,69,88,66,67,72,59,46
394935,42,"Oklahoma City, OK",msa,OK,289,305,271,258,176,245,285,281,298,271,223,262,167
395012,43,"Raleigh, NC",msa,NC,559,526,637,575,374,556,677,756,755,669,569,570,467
394849,44,"Memphis, TN",msa,TN,140,133,119,131,97,128,138,142,157,143,134,110,103
395022,45,"Richmond, VA",msa,VA,221,234,211,268,169,225,228,247,262,238,218,188,202
394807,46,"Louisville, KY",msa,KY,104,99,112,140,74,111,148,142,148,119,106,116,77
394910,47,"New Orleans, LA",msa,LA,203,172,182,207,100,135,142,101,96,81,96,67,50
395053,48,"Salt Lake City, UT",msa,UT,139,145,119,183,114,176,205,190,172,162,175,133,104
394669,49,"Hartford, CT",msa,CT,23,21,24,28,20,26,17,18,17,19,24,13,14
394425,50,"Buffalo, NY",msa,NY,10,24,11,13,16,7,10,8,17,13,17,16,10
394388,51,"Birmingham, AL",msa,AL,190,169,140,192,129,186,184,183,201,195,186,148,137
395031,52,"Rochester, NY",msa,NY,16,10,17,18,8,17,12,20,11,14,14,21,12
394640,53,"Grand Rapids, MI",msa,MI,91,95,67,71,52,91,114,104,102,86,81,68,60
395167,54,"Tucson, AZ",msa,AZ,155,159,141,160,110,170,184,125,188,131,150,171,152
753924,55,"Urban Honolulu, HI",msa,HI,23,16,19,33,8,15,19,17,17,13,9,14,6
395169,56,"Tulsa, OK",msa,OK,139,123,94,98,88,89,99,117,110,96,90,88,80
394619,57,"Fresno, CA",msa,CA,63,56,37,46,26,28,31,30,32,23,26,30,21
395238,58,"Worcester, MA",msa,MA,49,54,39,50,29,46,46,49,42,47,56,51,40
394938,59,"Omaha, NE",msa,NE,149,127,123,111,95,117,158,157,173,180,162,145,98
394415,60,"Bridgeport, CT",msa,CT,23,33,14,22,23,16,12,21,23,28,25,19,14
394653,61,"Greenville, SC",msa,SC,339,261,224,272,170,215,253,216,262,266,235,222,172
394312,62,"Albuquerque, NM",msa,NM,74,66,69,75,44,61,65,82,70,70,72,64,46
394357,63,"Bakersfield, CA",msa,CA,62,98,62,68,35,56,77,43,66,59,50,50,38
394753,65,"Knoxville, TN",msa,TN,158,165,181,159,162,195,224,174,243,191,187,168,150
394367,66,"Baton Rouge, LA",msa,LA,131,119,151,162,103,126,147,154,138,142,153,117,75
394843,67,"McAllen, TX",msa,TX,87,69,72,76,69,66,97,99,107,86,109,64,54
394561,69,"El Paso, TX",msa,TX,149,150,133,206,116,132,172,188,196,181,172,125,102
394318,70,"Allentown, PA",msa,PA,47,46,31,67,25,31,49,50,35,33,40,35,34
394952,71,"Oxnard, CA",msa,CA,,,,10,11,12,10,12,15,16,5,6,11
394486,72,"Columbia, SC",msa,SC,167,174,218,282,170,197,228,209,235,221,202,187,122
753906,73,"North Port, FL",msa,FL,372,343,408,357,210,271,393,334,392,407,286,260,218
845158,74,"Dayton, OH",msa,OH,35,38,29,36,34,32,52,40,35,38,27,33,20
394457,75,"Charleston, SC",msa,SC,346,351,373,370,239,332,307,363,376,296,274,251,224
394648,76,"Greensboro, NC",msa,NC,99,78,92,100,70,111,130,112,115,112,144,106,87
395134,77,"Stockton, CA",msa,CA,65,71,56,47,36,42,38,24,23,13,14,21,28
394440,78,"Cape Coral, FL",msa,FL,428,360,351,389,310,361,472,423,524,394,439,467,387
394399,79,"Boise City, ID",msa,ID,279,296,289,343,296,338,411,404,342,409,436,340,311
394484,80,"Colorado Springs, CO",msa,CO,105,111,87,123,72,114,129,106,117,109,90,90,78
394798,81,"Little Rock, AR",msa,AR,124,114,90,96,80,80,117,121,118,103,89,94,73
394766,82,"Lakeland, FL",msa,FL,388,374,418,389,268,351,390,319,391,404,406,356,291
394531,84,"Des Moines, IA",msa,IA,177,174,144,129,104,112,168,181,159,135,104,105,77
395115,85,"Springfield, MA",msa,MA,,,,,,,6,10,11,13,12,6,5
845159,86,"Poughkeepsie, NY",msa,NY,25,17,23,20,17,17,17,16,11,16,22,30,17
394931,87,"Ogden, UT",msa,UT,72,109,84,106,69,99,118,78,98,78,69,48,35
394816,88,"Madison, WI",msa,WI,65,59,70,53,63,73,104,96,93,80,74,62,47
395235,89,"Winston, NC",msa,NC,131,128,133,127,95,100,167,134,141,174,135,104,100
394528,90,"Deltona, FL",msa,FL,213,202,183,218,147,219,228,183,195,240,207,178,168
395006,92,"Provo, UT",msa,UT,221,206,186,283,199,265,244,232,240,229,214,186,159
395160,93,"Toledo, OH",msa,OH,23,21,24,11,10,21,16,22,26,20,14,22,18
394549,95,"Durham, NC",msa,NC,149,138,117,123,86,125,148,175,173,164,166,140,111
394352,96,"Augusta, GA",msa,GA,159,151,143,157,116,127,208,151,179,188,160,151,107
394957,97,"Palm Bay, FL",msa,FL,168,168,130,127,127,171,240,216,240,159,213,195,168
394711,98,"Jackson, MS",msa,MS,58,44,46,42,48,52,66,72,72,55,60,57,44
394666,99,"Harrisburg, PA",msa,PA,36,46,46,51,33,41,70,46,58,41,34,42,29
395075,101,"Scranton, PA",msa,PA,,,,,,,,9,11,8,13,10,7
394460,102,"Chattanooga, TN",msa,TN,87,75,91,81,58,64,116,94,125,119,74,68,46
394871,103,"Modesto, CA",msa,CA,,,,,,,,,10,11,10,31,20
394768,104,"Lancaster, PA",msa,PA,36,29,30,30,13,20,31,27,26,17,18,22,24
394997,105,"Portland, ME",msa,ME,42,56,48,53,37,48,48,53,59,80,65,51,50
394770,107,"Lansing, MI",msa,MI,9,16,7,7,10,11,9,24,18,10,10,9,11
394590,108,"Fayetteville, AR",msa,AR,262,227,200,209,153,216,291,290,277,318,268,288,188
394589,109,"Fayetteville, NC",msa,NC,116,102,92,109,107,171,199,290,331,255,222,224,191
394792,110,"Lexington, KY",msa,KY,54,57,52,59,46,56,55,55,60,73,57,38,58
394971,111,"Pensacola, FL",msa,FL,213,147,139,142,107,170,203,186,207,225,200,179,153
395068,112,"Santa Rosa, CA",msa,CA,16,18,12,17,15,17,18,13,18,15,15,16,12
395019,113,"Reno, NV",msa,NV,64,56,52,60,52,52,46,53,53,48,52,43,25
394698,114,"Huntsville, AL",msa,AL,192,130,165,202,88,160,143,132,142,134,107,121,95
394995,115,"Port St. Lucie, FL",msa,FL,188,172,154,170,84,141,161,172,139,145,122,122,113
394761,116,"Lafayette, LA",msa,LA,51,53,63,55,42,39,34,32,15,11,10,6,7
394898,117,"Myrtle Beach, SC",msa,SC,546,570,570,481,455,467,625,629,694,649,625,562,537
395116,118,"Springfield, MO",msa,MO,53,63,47,44,43,48,80,73,85,70,85,55,75
395195,119,"Visalia, CA",msa,CA,52,38,38,33,11,22,36,27,39,26,30,26,18
394746,120,"Killeen, TX",msa,TX,82,100,62,77,58,79,108,135,109,95,102,85,73
394338,121,"Asheville, NC",msa,NC,101,77,69,90,78,65,72,70,106,105,93,71,63
395244,122,"York, PA",msa,PA,31,33,42,36,27,35,47,46,50,52,58,42,42
395183,123,"Vallejo, CA",msa,CA,27,24,31,34,21,19,21,24,14,25,19,23,17
395048,126,"Salem, OR",msa,OR,44,36,40,36,39,69,73,73,57,48,50,38,31
394870,127,"Mobile, AL",msa,AL,39,19,14,24,8,12,23,18,28,17,9,17,15
395015,128,"Reading, PA",msa,PA,,,,,,14,12,14,11,10,7,7,19
394502,129,"Corpus Christi, TX",msa,TX,27,38,41,33,29,31,46,51,56,35,32,24,31
394421,130,"Brownsville, TX",msa,TX,8,11,13,10,8,13,18,19,20,19,16,20,11
394612,132,"Fort Wayne, IN",msa,IN,38,34,28,25,33,34,59,42,57,51,33,31,38
394658,133,"Gulfport, MS",msa,MS,98,96,58,88,66,72,70,83,99,86,78,77,85
395051,134,"Salisbury, MD",msa,DE,144,146,163,114,103,108,113,134,165,135,130,145,111
394596,135,"Flint, MI",msa,MI,20,10,14,22,10,15,20,22,26,17,16,9,15
395070,138,"Savannah, GA",msa,GA,133,153,115,153,119,146,131,164,152,144,129,118,126
395096,141,"Shreveport, LA",msa,LA,27,42,29,39,26,29,35,30,47,39,44,15,19
395164,142,"Trenton, NJ",msa,NJ,8,14,12,22,11,16,9,10,12,10,13,10,6
394875,143,"Montgomery, AL",msa,AL,46,55,61,55,31,47,62,58,67,85,53,42,52
395146,145,"Tallahassee, FL",msa,FL,80,46,62,50,29,41,48,53,77,74,63,56,46
394576,146,"Eugene, OR",msa,OR,26,8,19,11,20,24,33,24,27,39,31,27,10
394901,147,"Naples, FL",msa,FL,81,90,85,92,61,80,89,97,107,72,65,64,74
394332,148,"Ann Arbor, MI",msa,MI,26,16,23,14,11,15,20,15,30,11,27,25,20
394927,149,"Ocala, FL",msa,FL,281,261,210,257,192,246,295,287,333,248,273,237,157
394679,150,"Hickory, NC",msa,NC,60,77,62,59,44,47,60,76,49,47,41,52,43
394602,152,"Fort Collins, CO",msa,CO,54,68,53,65,27,63,59,61,60,65,60,49,31
395033,153,"Rockford, IL",msa,IL,,,,,,,10,5,12,11,6,9,8
394796,154,"Lincoln, NE",msa,NE,42,27,27,32,37,29,38,30,43,52,53,37,33
394622,155,"Gainesville, FL",msa,FL,36,38,34,52,31,37,48,58,59,50,47,41,31
394405,156,"Boulder, CO",msa,CO,23,41,61,49,33,37,27,29,33,26,15,19,21
394646,157,"Green Bay, WI",msa,WI,18,13,20,18,14,9,31,30,37,26,27,20,25
394488,158,"Columbus, GA",msa,GA,41,38,34,25,29,29,39,27,26,24,26,34,45
395107,159,"South Bend, IN",msa,IN,10,13,7,9,6,15,14,9,10,13,19,12,14
395109,160,"Spartanburg, SC",msa,SC,185,158,144,125,109,174,202,178,220,211,203,221,190
394645,161,"Greeley, CO",msa,CO,114,106,113,67,62,124,104,101,104,79,82,69,63
394808,162,"Lubbock, TX",msa,TX,54,62,81,77,58,64,81,87,70,35,36,59,33
394471,163,"Clarksville, TN",msa,TN,67,81,62,72,37,64,77,66,90,79,70,65,63
395028,164,"Roanoke, VA",msa,VA,,,,,8,6,10,7,11,5,10,13,6
394579,165,"Evansville, IN",msa,IN,,,,12,8,7,6,14,10,10,12,11,13
394747,167,"Kingsport, TN",msa,TN,35,24,30,28,11,28,19,27,19,18,27,13,17
394741,168,"Kennewick, WA",msa,WA,56,54,52,49,52,36,71,80,81,77,71,46,34
394660,170,"Hagerstown, MD",msa,MD,69,79,61,75,27,55,54,65,56,57,36,60,49
394937,172,"Olympia, WA",msa,WA,33,28,35,26,22,31,29,28,22,26,16,23,15
394803,173,"Longview, TX",msa,TX,18,13,16,11,10,18,13,21,12,10,12,8,12
395229,174,"Wilmington, NC",msa,NC,102,119,108,104,66,90,101,106,100,79,81,93,98
395061,175,"San Luis Obispo, CA",msa,CA,,,,,,,,,,,,,8
753875,176,"Crestview, FL",msa,FL,167,151,97,141,74,111,151,132,175,153,146,111,83
394851,177,"Merced, CA",msa,CA,42,18,12,8,24,14,20,12,10,14,18,15,14
395197,178,"Waco, TX",msa,TX,28,29,24,29,27,32,32,27,31,36,29,23,17
394447,179,"Cedar Rapids, IA",msa,IA,31,23,13,20,10,10,24,24,32,20,25,21,9
394348,180,"Atlantic City, NJ",msa,NJ,15,14,11,11,9,5,11,18,13,15,12,14,10
394412,181,"Bremerton, WA",msa,WA,79,57,68,58,51,45,55,34,57,41,44,45,40
394323,186,"Amarillo, TX",msa,TX,25,22,25,18,17,20,21,24,24,17,42,22,26
394772,187,"Laredo, TX",msa,TX,18,12,12,7,5,6,11,9,9,8,9,7,7
395171,188,"Tuscaloosa, AL",msa,AL,35,32,35,43,22,38,42,39,39,42,37,28,26
394483,189,"College Station, TX",msa,TX,57,47,43,43,35,46,60,47,44,31,38,24,21
394732,190,"Kalamazoo, MI",msa,MI,19,16,10,19,16,16,24,18,22,12,14,12,9
394811,191,"Lynchburg, VA",msa,VA,32,29,16,22,26,26,31,23,39,23,33,31,19
394585,194,"Fargo, ND",msa,ND,35,31,21,45,19,16,23,26,33,42,50,35,23
394609,196,"Fort Smith, AR",msa,AR,,,,,,,,,12,7,8,9,7
394334,197,"Appleton, WI",msa,WI,23,21,26,13,17,16,37,25,32,27,21,17,16
845160,198,"Prescott Valley, AZ",msa,AZ,33,37,24,36,26,29,42,43,42,37,29,32,24
394813,200,"Macon, GA",msa,GA,32,34,33,33,12,14,28,22,26,37,29,32,26
394361,202,"Barnstable Town, MA",msa,MA,8,13,26,13,8,6,11,15,14,13,12,14,8
394519,203,"Daphne, AL",msa,AL,186,107,112,118,97,110,179,106,111,147,107,76,71
394378,205,"Bellingham, WA",msa,WA,25,23,14,20,18,17,25,20,20,20,15,20,21
395030,207,"Rochester, MN",msa,MN,23,14,11,14,12,18,20,22,29,16,19,20,13
394848,210,"Medford, OR",msa,OR,27,35,20,15,23,24,34,27,35,32,22,23,19
394459,212,"Charlottesville, VA",msa,VA,45,33,37,45,31,27,47,43,43,41,54,67,26
394763,213,"Lake Charles, LA",msa,LA,20,22,19,24,13,12,20,16,10,8,17,5,7
394773,214,"Las Cruces, NM",msa,NM,17,14,28,19,20,25,31,24,26,38,28,22,25
394464,215,"Chico, CA",msa,CA,24,20,18,23,13,7,29,19,19,9,17,20,17
394681,216,"Hilton Head Island, SC",msa,SC,142,125,76,88,58,57,68,49,56,62,61,52,43
394346,217,"Athens, GA",msa,GA,33,37,25,38,44,55,41,41,52,27,38,29,27
394765,218,"Lake Havasu City, AZ",msa,AZ,37,67,48,49,45,44,64,70,69,66,53,62,50
394485,219,"Columbia, MO",msa,MO,26,26,18,12,14,8,28,39,40,23,29,15,16
394726,224,"Johnson City, TN",msa,TN,22,26,26,32,17,32,25,26,37,33,29,35,20
395247,225,"Yuma, AZ",msa,AZ,21,12,17,16,13,28,23,19,22,23,17,18,17
394623,226,"Gainesville, GA",msa,GA,71,48,30,54,26,41,44,35,39,36,31,26,22
394716,227,"Jacksonville, NC",msa,NC,82,69,61,65,49,53,72,76,83,79,80,66,67
394597,228,"Florence, SC",msa,SC,39,37,30,29,29,32,38,31,36,31,23,35,30
394680,229,"Hilo, HI",msa,HI,14,17,9,12,13,17,12,23,30,22,23,23,16
395118,230,"St. Cloud, MN",msa,MN,,,,,,,,14,15,16,8,17,12
394380,232,"Bend, OR",msa,OR,62,61,51,48,40,79,54,75,58,61,69,58,50
395202,234,"Warner Robins, GA",msa,GA,74,79,64,106,60,53,79,60,73,78,68,53,45
395009,237,"Punta Gorda, FL",msa,FL,150,107,155,127,99,111,130,107,130,128,118,134,96
394960,242,"Panama City, FL",msa,FL,98,86,79,85,75,68,101,79,100,89,104,96,76
394539,244,"Dover, DE",msa,DE,11,30,24,20,15,26,18,17,25,26,25,16,22
394712,246,"Jackson, TN",msa,TN,21,8,12,6,5,8,7,7,7,11,9,12,9
394406,248,"Bowling Green, KY",msa,KY,27,30,11,16,10,10,25,16,14,22,11,13,7
395119,249,"St. George, UT",msa,UT,43,39,35,59,46,38,57,48,50,42,36,44,27
394896,250,"Muskegon, MI",msa,MI,,,7,12,9,10,17,14,8,12,14,13,10
394299,251,"Abilene, TX",msa,TX,23,18,19,18,17,19,21,25,26,26,21,20,18
394707,252,"Iowa City, IA",msa,IA,27,25,26,15,15,10,30,50,36,29,31,28,10
394351,253,"Auburn, AL",msa,AL,56,41,46,40,32,33,51,39,44,39,36,32,41
394860,254,"Midland, TX",msa,TX,18,17,17,23,9,10,13,17,24,11,10,13,8
753869,255,"Bloomington, IL",msa,IL,13,6,11,8,5,10,17,9,8,7,9,12,7
394555,258,"Eau Claire, WI",msa,WI,,,,,,,,19,15,13,15,15,8
394651,259,"Greenville, NC",msa,NC,46,28,39,30,42,42,55,57,56,47,58,40,45
394428,260,"Burlington, NC",msa,NC,36,49,44,52,52,41,84,88,91,72,66,67,36
394480,262,"Coeur d'Alene, ID",msa,ID,13,11,11,10,15,27,37,26,36,23,26,21,15
395007,264,"Pueblo, CO",msa,CO,17,18,17,20,15,16,20,20,10,17,12,15,11
395215,266,"Wausau, WI",msa,WI,,,,,,,,,,,,8,6
394720,268,"Janesville, WI",msa,WI,13,13,12,13,10,6,17,28,28,27,20,19,23
394393,270,"Bloomington, IN",msa,IN,7,7,9,6,7,17,9,10,12,6,11,10,8
395125,273,"State College, PA",msa,PA,,,6,6,9,5,11,12,13,10,11,11,15
395079,274,"Sebastian, FL",msa,FL,36,17,15,15,17,23,26,26,24,23,28,25,24
394814,275,"Madera, CA",msa,CA,24,27,25,37,16,20,18,16,24,17,12,17,14
394703,279,"Idaho Falls, ID",msa,ID,27,22,22,22,11,35,29,36,30,21,19,15,13
394639,280,"Grand Junction, CO",msa,CO,19,15,11,13,11,12,18,13,12,13,12,17,11
394563,281,"Elizabethtown, KY",msa,KY,22,15,15,17,14,15,15,20,17,22,18,8,13
394917,282,"Niles, MI",msa,MI,,,,,,,,,,11,12,14,10
394873,283,"Monroe, MI",msa,MI,,,,,,,12,11,10,6,10,6,7
395066,284,"Santa Fe, NM",msa,NM,,,,,,,,,,,,,12
395163,287,"Traverse City, MI",msa,MI,9,18,13,21,11,20,32,27,23,21,19,24,17
394685,289,"Homosassa Springs, FL",msa,FL,65,47,37,31,47,39,34,62,70,58,58,44,36
394662,290,"Hanford, CA",msa,CA,,,,,,,,,,8,8,15,13
394723,291,"Jefferson City, MO",msa,MO,,,,,,,12,14,7,12,11,6,10
394598,292,"Florence, AL",msa,AL,,,,8,5,10,14,7,11,9,10,11,8
394537,293,"Dothan, AL",msa,AL,11,19,14,16,11,20,14,17,19,18,17,15,7
395182,300,"Valdosta, GA",msa,GA,22,23,8,18,11,11,23,19,14,31,21,13,14
394800,301,"Logan, UT",msa,UT,16,11,21,17,13,10,15,20,19,23,26,21,19
394595,302,"Flagstaff, AZ",msa,AZ,12,26,22,15,6,17,11,13,11,6,14,13,8
395036,303,"Rocky Mount, NC",msa,NC,27,23,27,40,24,36,29,38,38,25,36,38,19
394515,305,"Dalton, GA",msa,GA,,,,,,,,,,,,6,6
394783,306,"Lebanon, PA",msa,PA,,,,,,,,9,17,7,7,6,12
394880,307,"Morristown, TN",msa,TN,28,18,37,20,15,15,14,19,17,9,13,13,5
395232,308,"Winchester, VA",msa,VA,32,23,36,24,16,29,38,32,18,33,22,22,21
394756,311,"La Crosse, WI",msa,WI,12,6,7,5,8,6,9,15,12,11,13,11,9
395013,313,"Rapid City, SD",msa,SD,31,17,20,12,12,24,25,26,23,19,20,15,11
395094,319,"Sherman, TX",msa,TX,56,40,27,59,39,30,52,46,40,40,44,39,33
394442,321,"Carbondale, IL",msa,IL,,,,,,,,,,,,,5
394728,323,"Jonesboro, AR",msa,AR,12,12,14,10,10,10,18,17,21,10,15,8,10
394390,324,"Bismarck, ND",msa,ND,,,,,,,9,13,12,12,10,7,5
394661,325,"Hammond, LA",msa,LA,29,43,23,30,16,20,23,22,24,14,22,26,13
394890,327,"Mount Vernon, WA",msa,WA,,,,,,,,,,,,,7
394307,330,"Albany, OR",msa,OR,,,,,,11,5,6,7,5,11,13,6
394474,334,"Cleveland, TN",msa,TN,26,27,19,25,14,24,16,26,33,39,28,30,22
394905,341,"New Bern, NC",msa,NC,43,29,26,25,26,31,45,49,41,25,41,32,36
395218,345,"Wenatchee, WA",msa,WA,,,,,,,,,,8,6,9,10
753890,347,"Holland, MI",msa,MI,14,15,12,7,8,17,8,16,10,11,12,7,13
394635,350,"Goldsboro, NC",msa,NC,17,19,16,22,20,22,32,39,27,32,35,36,20
394867,354,"Missoula, MT",msa,MT,15,13,9,9,7,8,15,7,15,17,10,11,5
394407,356,"Bozeman, MT",msa,MT,25,19,10,15,8,18,14,18,19,7,8,15,12
394423,360,"Brunswick, GA",msa,GA,20,13,26,18,12,19,19,27,30,16,27,12,19
753872,361,"California, MD",msa,MD,5,10,21,13,10,25,12,7,13,13,7,8,8
394857,365,"Michigan City, IN",msa,IN,,,,,,,,,,,,7,9
395095,372,"Show Low, AZ",msa,AZ,,,,,,,,,5,7,7,6,7
395023,373,"Richmond, KY",msa,KY,12,17,12,23,12,12,23,34,30,26,23,21,15
395168,374,"Tullahoma, TN",msa,TN,15,20,15,20,10,27,24,36,29,36,22,22,18
395222,375,"Whitewater, WI",msa,WI,,,,,,,,,14,12,5,14,7
394762,379,"LaGrange, GA",msa,GA,17,17,8,11,8,19,21,19,23,19,19,20,27
394630,382,"Gettysburg, PA",msa,PA,,,,,,11,13,11,7,12,8,8,6
394733,384,"Kalispell, MT",msa,MT,21,13,10,23,14,11,30,13,20,16,20,13,12
395080,390,"Sebring, FL",msa,FL,16,22,11,12,17,23,26,22,15,15,15,17,19
395090,394,"Shelby, NC",msa,NC,12,14,16,5,6,14,16,18,20,23,13,14,15
753912,398,"Pinehurst, NC",msa,NC,44,51,37,48,38,41,63,82,62,72,65,48,39
395038,401,"Rome, GA",msa,GA,,,,,,,,,,,,,11
395086,402,"Sevierville, TN",msa,TN,29,44,33,32,15,12,28,27,25,23,26,22,24
394882,403,"Moses Lake, WA",msa,WA,18,13,13,11,8,5,10,14,14,9,9,9,6
394410,408,"Brainerd, MN",msa,MN,,,,,,,,5,10,11,11,9,11
394928,410,"Ocean City, NJ",msa,NJ,26,13,18,18,24,20,30,20,18,21,31,42,18
394505,411,"Corvallis, OR",msa,OR,,,,,,7,14,12,5,5,6,10,6
394675,441,"Helena, MT",msa,MT,,,,,,11,17,13,12,12,8,5,7
394744,442,"Key West, FL",msa,FL,,,,,,,15,6,11,9,6,11,9
394345,446,"Athens, TX",msa,TX,,,,,,,,17,14,11,15,21,16
394682,449,"Hinesville, GA",msa,GA,48,41,48,70,30,55,59,48,31,49,44,47,41
395126,453,"Statesboro, GA",msa,GA,11,18,13,15,17,19,28,20,17,26,33,20,17
395231,455,"Wilson, NC",msa,NC,14,12,11,15,21,13,13,14,20,17,8,11,17
753881,456,"Glenwood Springs, CO",msa,CO,12,8,6,10,5,5,6,11,8,6,7,8,8
395085,457,"Seneca, SC",msa,SC,,,,,,,,,,,,8,9
395077,461,"Searcy, AR",msa,AR,,,,,,,,,9,8,5,5,6
394699,465,"Huntsville, TX",msa,TX,,,,,,,,,,,,9,6
394674,467,"Heber, UT",msa,UT,54,58,47,68,35,51,52,42,45,37,43,45,38
394298,473,"Aberdeen, WA",msa,WA,,,,,,,,6,8,6,8,9,14
753893,477,"Jefferson, GA",msa,GA,76,97,67,79,46,68,72,64,74,59,46,42,54
394647,486,"Greeneville, TN",msa,TN,15,13,9,6,6,7,5,7,14,6,9,9,11
394877,491,"Morehead City, NC",msa,NC,23,13,14,16,8,15,20,17,30,36,15,16,12
395092,510,"Shelton, WA",msa,WA,,,,,,,,,,,9,9,8
394629,520,"Georgetown, SC",msa,SC,,,,,,,13,15,6,7,12,7,8
395063,522,"Sanford, NC",msa,NC,12,15,17,25,22,28,35,33,42,46,28,47,36
394309,526,"Albemarle, NC",msa,NC,21,27,19,15,17,24,23,20,20,16,20,17,12
394443,530,"Carlsbad, NM",msa,NM,,,,,,,,16,14,11,15,10,9
394509,534,"Crossville, TN",msa,TN,,,,,,5,12,11,8,10,11,5,5
845162,535,"Granbury, TX",msa,TX,25,25,16,18,13,24,42,36,32,19,29,26,17
394592,550,"Fernley, NV",msa,NV,11,19,19,14,8,11,22,11,28,25,23,20,19
394444,551,"Carson City, NV",msa,NV,8,8,14,7,5,21,5,11,22,12,21,13,7
394446,562,"Cedar City, UT",msa,UT,14,5,9,7,8,11,12,7,9,10,11,12,15
394750,568,"Kinston, NC",msa,NC,,,,,,,5,5,10,11,8,5,13
395122,576,"St. Marys, GA",msa,GA,24,25,21,24,22,25,38,32,13,21,17,21,31
394562,582,"Elizabeth City, NC",msa,NC,17,11,11,13,13,20,18,15,8,16,14,18,14
394954,601,"Pahrump, NV",msa,NV,22,20,18,15,9,16,21,22,24,22,17,18,10
395091,606,"Shelbyville, TN",msa,TN,26,15,14,16,23,25,28,18,16,20,25,12,22
395043,618,"Ruston, LA",msa,LA,,,,,,,,,,,,,5
394918,625,"Nogales, AZ",msa,AZ,9,9,9,16,9,15,20,19,13,16,7,14,17
753916,632,"Sandpoint, ID",msa,ID,,,,,,,,,,,,,8
753865,633,"Bardstown, KY",msa,KY,5,9,8,7,5,8,14,11,11,12,9,8,7
394567,663,"Ellensburg, WA",msa,WA,22,22,10,12,13,12,8,7,14,13,9,13,15
394476,704,"Clewiston, FL",msa,FL,28,17,9,18,10,10,27,21,20,28,29,22,23
394786,783,"Lewisburg, TN",msa,TN,,,,,,5,10,17,21,14,13,6,9
394433,799,"Cambridge, MD",msa,MD,7,11,9,13,9,7,17,19,13,13,15,9,13
395159,848,"Toccoa, GA",msa,GA,,,,,,,,,,,6,7,6
395004,872,"Prineville, OR",msa,OR,,,,,,,,,,,,,8
